Rank,ADP,Pos,Name,Team,Bye,Comp,Yards,TD,Int,Att,Yards,TD,Fum,Rec,Yards,TD,Fantasy Points,Average Auction
1,9,QB,"Luck, Andrew",IND,10,421,5026,37,17,64,322,3,4,0,0,0,468,$41
2,15,QB,"Rodgers, Aaron",GBP,7,380,4675,37,8,46,249,2,3,0,0,0,463,$36
3,71,QB,"Manning, Peyton",DEN,7,402,4652,40,12,21,0,0,5,0,0,0,440,$18
4,70,QB,"Roethlisberger, Ben",PIT,11,398,4748,30,13,33,71,1,5,0,0,0,393,$16
5,61,QB,"Ryan, Matt",ATL,10,455,4907,28,14,23,100,0,3,0,0,0,392,$17
6,67,QB,"Brees, Drew",NOS,11,380,4326,31,13,26,55,2,2,0,0,0,387,$18
7,38,QB,"Wilson, Russell",SEA,9,276,3678,26,10,96,575,5,1,0,0,0,376,$23
8,117,QB,"Rivers, Philip",SDC,10,383,4357,32,15,33,80,0,2,0,0,0,361,$8
9,97,QB,"Romo, Tony",DAL,6,315,3802,35,9,24,54,0,2,0,0,0,354,$12
10,77,QB,"Stafford, Matthew",DET,9,373,4445,26,15,37,95,2,6,0,0,0,345,$15
11,118,QB,"Manning, Eli",NYG,11,380,4577,28,17,15,32,0,4,0,0,0,343,$9
12,56,QB,"Newton, Cam",CAR,5,307,3600,23,14,110,568,6,4,0,0,0,342,$17
13,80,QB,"Tannehill, Ryan",MIA,5,387,4115,28,14,48,276,1,4,0,0,0,339,$13
14,134,QB,"Kaepernick, Colin",SFO,10,266,3244,22,8,110,660,2,4,0,0,0,319,$8
15,144,QB,"Flacco, Joe",BAL,9,363,4100,27,17,40,99,2,1,0,0,0,318,$7
16,10,TE,"Gronkowski, Rob",NEP,4,0,0,0,0,0,0,0,0,97,1326,14,313,$34
17,100,QB,"Brady, Tom",NEP,4,315,3460,26,9,26,37,1,2,0,0,0,308,$13
18,146,QB,"Bradford, Sam",PHI,8,354,4251,26,18,49,153,2,5,0,0,0,307,$7
19,167,QB,"Cutler, Jay",CHI,7,310,3725,25,14,35,194,2,5,0,0,0,296,$6
20,195,QB,"Smith, Alex",KCC,9,313,3426,22,7,63,343,1,2,0,0,0,296,$4
21,178,QB,"Foles, Nick",STL,6,321,3724,24,15,31,88,2,4,0,0,0,277,$5
22,137,QB,"Carr, Derek",OAK,6,369,3624,24,14,46,186,0,6,0,0,0,270,$7
23,178,QB,"Palmer, Carson",ARI,9,333,3950,25,20,25,41,0,2,0,0,0,266,$5
24,172,QB,"Dalton, Andy",CIN,7,298,3324,22,16,56,185,4,4,0,0,0,262,$5
25,131,QB,"Mariota, Marcus",TEN,4,268,3240,19,12,49,258,3,2,0,0,0,258,$9
26,103,QB,"Bridgewater, Teddy",MIN,5,311,3464,18,15,54,235,2,1,0,0,0,252,$11
27,182,QB,"Griffin III, Robert",WAS,8,314,3721,15,15,85,436,2,7,0,0,0,252,$4
28,219,QB,"Smith, Geno",NYJ,5,258,3129,18,14,66,290,3,3,0,0,0,244,$2
29,119,QB,"Winston, Jameis",TBB,6,291,3296,22,16,33,120,2,6,0,0,0,239,$9
30,281,QB,"Hoyer, Brian",HOU,9,282,3542,16,13,44,120,1,2,0,0,0,230,$2
31,268,QB,"Cassel, Matt",BUF,8,314,3237,18,13,28,44,2,2,0,0,0,222,$1
32,,TE,"Watson, Ben",NOS,11,0,0,0,0,0,0,0,1,68,689,14,218,$1
33,7,WR,"Bryant, Dez",DAL,6,0,0,0,0,1,1,0,1,96,1375,17,216,$36
34,11,WR,"Thomas, Demaryius",DEN,7,0,0,0,0,0,0,0,1,115,1685,15,214,$32
35,143,TE,"Walker, Delanie",TEN,4,0,0,0,0,0,0,0,0,77,925,7,211,$4
36,6,WR,"Beckham, Odell",NYG,11,0,0,0,0,7,35,0,1,104,1475,14,209,$36
37,164,QB,"Bortles, Blake",JAC,8,311,3271,14,18,64,384,0,1,0,0,0,208,$5
38,8,WR,"Jones, Julio",ATL,10,0,0,0,0,1,4,0,1,107,1565,14,206,$35
39,65,TE,"Olsen, Greg",CAR,5,0,0,0,0,0,0,0,0,77,900,5,197,$11
40,28,TE,"Graham, Jimmy",SEA,9,0,0,0,0,0,0,0,2,68,819,8,193,$23
41,16,WR,"Johnson, Calvin",DET,9,0,0,0,0,0,0,0,0,91,1463,13,190,$32
42,75,TE,"Thomas, Julius",JAC,8,0,0,0,0,0,0,0,0,67,750,8,190,$9
43,83,TE,"Bennett, Martellus",CHI,7,0,0,0,0,0,0,0,1,78,825,5,188,$9
44,190,TE,"Clay, Charles",BUF,8,0,0,0,0,0,0,0,0,75,825,5,187,$3
45,5,WR,"Brown, Antonio",PIT,11,0,0,0,0,4,6,0,1,112,1466,10,184,$38
46,143,TE,"Allen, Dwayne",IND,10,0,0,0,0,0,0,0,0,53,595,11,178,$4
47,85,TE,"Ertz, Zach",PHI,8,0,0,0,0,0,0,0,1,61,725,7,173,$8
48,20,WR,"Cobb, Randall",GBP,7,0,0,0,0,13,38,0,2,95,1303,11,170,$28
49,258,QB,"McCown, Josh",CLE,11,226,2831,12,16,32,110,3,5,0,0,0,168,$2
50,15,WR,"Green, A.J.",CIN,7,0,0,0,0,2,8,0,2,95,1375,9,167,$30
51,48,TE,"Kelce, Travis",KCC,9,0,0,0,0,0,0,0,3,63,780,5,165,$15
52,32,WR,"Cooks, Brandin",NOS,11,0,0,0,0,8,47,1,0,89,1200,8,164,$21
53,153,TE,"Gates, Antonio",SDC,10,0,0,0,0,0,0,0,0,57,630,7,162,$4
54,138,TE,"Witten, Jason",DAL,6,0,0,0,0,0,0,0,0,61,710,5,162,$6
55,100,TE,"Cameron, Jordan",MIA,5,0,0,0,0,0,0,0,0,59,767,4,159,$6
56,19,WR,"Evans, Mike",TBB,6,0,0,0,0,0,0,0,0,75,1141,13,159,$29
57,192,TE,"Amaro, Jace",NYJ,5,0,0,0,0,0,0,0,0,58,645,6,158,$2
58,173,TE,"Daniels, Owen",DEN,7,0,0,0,0,0,0,0,1,51,602,8,157,$3
59,39,WR,"Sanders, Emmanuel",DEN,7,0,0,0,0,5,30,0,0,98,1250,9,155,$19
60,20,WR,"Nelson, Jordy",GBP,7,0,0,0,0,0,0,0,0,80,1186,9,155,$30
61,253,TE,"Cook, Jared",STL,6,0,0,0,0,1,0,0,0,56,680,5,154,$2
62,28,WR,"Hopkins, DeAndre",HOU,9,0,0,0,0,0,0,0,2,92,1325,8,152,$22
63,116,TE,"Seferian-Jenkins, Austin",TBB,6,0,0,0,0,1,1,0,1,64,585,5,150,$5
64,37,WR,"Matthews, Jordan",PHI,8,0,0,0,0,0,2,0,0,85,1286,10,148,$19
65,51,WR,"Tate, Golden",DET,9,0,0,0,0,6,32,0,0,96,1276,6,147,$15
66,22,WR,"Jeffery, Alshon",CHI,7,0,0,0,0,4,18,0,0,77,999,11,146,$27
67,222,TE,"Miller, Heath",PIT,11,0,0,0,0,0,0,0,2,64,725,2,144,$2
68,166,TE,"Green, Ladarius",SDC,10,0,0,0,0,0,0,0,0,46,625,6,144,$3
69,115,WR,"LaFell, Brandon",NEP,4,0,0,0,0,5,26,0,1,87,1002,8,144,$6
70,93,WR,"Smith, Torrey",SFO,10,0,0,0,0,3,11,1,0,62,885,10,143,$7
71,46,WR,"Allen, Keenan",SDC,10,0,0,0,0,0,1,0,3,86,1060,9,143,$15
72,56,WR,"Edelman, Julian",NEP,4,0,0,0,0,10,58,0,0,98,1025,6,140,$14
73,67,WR,"Marshall, Brandon",NYJ,5,0,0,0,0,4,16,1,1,71,915,8,140,$13
74,250,TE,"Rivera, Mychal",OAK,6,0,0,0,0,0,0,0,1,54,510,6,139,$1
75,175,TE,"Reed, Jordan",WAS,8,0,0,0,0,1,4,0,2,65,651,2,138,$2
76,41,WR,"Cooper, Amari",OAK,6,0,0,0,0,1,3,0,1,75,955,9,138,$20
77,186,TE,"Donnell, Larry",NYG,11,0,0,0,0,0,0,0,3,56,573,5,137,$3
78,59,WR,"Landry, Jarvis",MIA,5,0,0,0,0,2,1,0,2,89,924,8,137,$12
79,151,TE,"Rudolph, Kyle",MIN,5,0,0,0,0,0,0,0,0,51,551,5,136,$4
80,159,TE,"Fleener, Coby",IND,10,0,0,0,0,0,0,0,0,41,560,6,133,$4
81,28,WR,"Hilton, T.Y.",IND,10,0,0,0,0,2,13,0,1,88,1361,6,133,$24
82,94,WR,"Johnson, Charles",MIN,5,0,0,0,0,6,33,1,0,60,861,6,132,$6
83,35,WR,"Benjamin, Kelvin",CAR,5,0,0,0,0,1,3,0,1,68,886,10,131,$20
84,60,WR,"Bryant, Martavis",PIT,11,0,0,0,0,6,31,0,0,45,785,11,129,$13
85,9,RB,"Lacy, Eddie",GBP,7,0,0,0,0,308,1376,11,1,41,354,4,129,$33
86,134,TE,"Ebron, Eric",DET,9,0,0,0,0,0,0,0,0,55,485,4,127,$4
87,124,TE,"Eifert, Tyler",CIN,7,0,0,0,0,0,0,0,1,50,430,6,127,$5
88,144,TE,"Williams, Maxx",BAL,9,0,0,0,0,0,0,0,0,48,552,4,127,$4
89,163,WR,"Colston, Marques",NOS,11,0,0,0,0,2,8,1,1,58,865,8,127,$5
90,12,RB,"Charles, Jamaal",KCC,9,0,0,0,0,246,1239,11,3,55,451,4,126,$31
91,79,WR,"Agholor, Nelson",PHI,8,0,0,0,0,1,5,0,1,75,1025,8,126,$13
92,26,RB,"Anderson, C.J.",DEN,7,0,0,0,0,267,1200,11,0,57,482,4,126,$26
93,198,TE,"Davis, Vernon",SFO,10,0,0,0,0,1,3,0,1,36,468,7,122,$3
94,108,WR,"White, Roddy",ATL,10,0,0,0,0,0,1,0,2,80,925,7,122,$8
95,95,WR,"Wallace, Mike",MIN,5,0,0,0,0,4,10,0,1,59,824,9,119,$8
96,60,WR,"Robinson, Allen",JAC,8,0,0,0,0,0,0,0,0,80,966,6,119,$13
97,119,WR,"Fitzgerald, Larry",ARI,9,0,0,0,0,1,2,0,0,79,915,5,118,$7
98,160,WR,"Patterson, Cordarrelle",MIN,5,0,0,0,0,17,101,3,1,38,415,3,116,$3
99,71,WR,"Jackson, DeSean",WAS,8,0,0,0,0,4,17,0,0,58,1035,6,115,$12
100,147,WR,"Boldin, Anquan",SFO,10,0,0,0,0,2,4,0,0,73,965,6,115,$5
101,370,TE,"Graham, Garrett",HOU,9,0,0,0,0,0,0,0,0,43,476,4,114,$2
102,24,RB,"Lynch, Marshawn",SEA,9,0,0,0,0,261,1200,13,1,29,257,2,114,$29
103,149,WR,"Smith, Steve",BAL,9,0,0,0,0,0,0,0,1,71,950,6,113,$5
104,40,WR,"Watkins, Sammy",BUF,8,0,0,0,0,3,14,0,2,60,925,6,108,$19
105,73,WR,"Johnson, Andre",IND,10,0,0,0,0,1,4,0,2,78,880,5,108,$14
106,110,WR,"Decker, Eric",NYJ,5,0,0,0,0,7,38,0,0,78,916,5,108,$6
107,79,WR,"Floyd, Michael",ARI,9,0,0,0,0,1,2,0,1,47,799,8,107,$8
108,593,TE,"Celek, Brent",PHI,8,0,0,0,0,0,0,0,1,39,457,4,106,$1
109,118,WR,"Wright, Kendall",TEN,4,0,0,0,0,3,14,0,1,76,984,5,106,$5
110,220,WR,"Royal, Eddie",CHI,7,0,0,0,0,2,11,0,1,66,775,6,105,$2
111,18,RB,"Peterson, Adrian",MIN,5,0,0,0,0,322,1375,13,2,49,350,2,105,$31
112,62,WR,"Maclin, Jeremy",KCC,9,0,0,0,0,0,0,0,0,66,989,5,102,$12
113,142,WR,"Harvin, Percy",BUF,8,0,0,0,0,23,127,1,1,56,655,3,101,$5
114,328,TE,"Gresham, Jermaine",ARI,9,0,0,0,0,0,0,0,0,45,386,3,101,$1
115,231,QB,"Garoppolo, Jimmy",NEP,4,112,1160,9,3,22,32,0,0,0,0,0,100,$1
116,69,RB,"Gore, Frank",IND,10,0,0,0,0,247,1126,5,3,32,274,4,99,$14
117,105,WR,"Jackson, Vincent",TBB,6,0,0,0,0,0,0,0,1,73,1045,4,97,$9
118,198,WR,"Baldwin, Doug",SEA,9,0,0,0,0,5,28,0,1,66,915,5,96,$3
119,24,RB,"Forte, Matt",CHI,7,0,0,0,0,269,1137,7,2,65,535,4,96,$27
120,375,TE,"Quarless, Andrew",GBP,7,0,0,0,0,0,0,0,0,35,377,4,96,$1
121,152,WR,"Williams, Terrance",DAL,6,0,0,0,0,1,2,0,1,32,617,8,95,$3
122,117,WR,"Moncrief, Donte",IND,10,0,0,0,0,3,4,0,0,55,625,5,94,$5
123,133,WR,"Garcon, Pierre",WAS,8,0,0,0,0,1,2,0,0,69,871,3,93,$6
124,566,TE,"Kendricks, Lance",STL,6,0,0,0,0,0,0,0,0,29,281,6,93,$1
125,4,RB,"Bell, Le'Veon",PIT,11,0,0,0,0,313,1275,11,1,71,716,2,93,$38
126,116,WR,"Brown, John",ARI,9,0,0,0,0,2,0,0,0,52,709,5,91,$6
127,314,WR,"Douglas, Harry",TEN,4,0,0,0,0,0,0,0,0,55,687,5,91,$1
128,249,QB,"Sanchez, Mark",PHI,8,77,951,9,5,18,31,1,1,0,0,0,90,$1
129,167,WR,"Crabtree, Michael",OAK,6,0,0,0,0,0,0,0,0,63,702,4,90,$3
130,146,WR,"Quick, Brian",STL,6,0,0,0,0,5,31,0,0,54,840,5,90,$4
131,320,TE,"Chandler, Scott",NEP,4,0,0,0,0,1,0,0,0,35,368,3,89,$1
132,158,WR,"Randle, Rueben",NYG,11,0,0,0,0,1,2,0,0,65,965,4,89,$4
133,249,WR,"Floyd, Malcom",SDC,10,0,0,0,0,0,0,0,0,53,814,6,89,$2
134,64,WR,"White, Kevin",CHI,7,0,0,0,0,5,27,0,1,67,783,3,88,$13
135,238,WR,"Shorts, Cecil",HOU,9,0,0,0,0,1,0,0,1,65,704,3,86,$2
136,270,WR,"Amendola, Danny",NEP,4,0,0,0,0,1,0,0,0,49,516,5,85,$2
137,175,WR,"Jones, Marvin",CIN,7,0,0,0,0,8,14,0,1,49,609,6,85,$3
138,126,WR,"Stills, Kenny",MIA,5,0,0,0,0,1,0,0,1,58,662,4,85,$4
139,,TE,"Pitta, Dennis",BAL,9,0,0,0,0,0,0,0,0,40,322,2,84,$
140,38,RB,"Foster, Arian",HOU,9,0,0,0,0,230,1039,4,1,34,284,4,84,$24
141,211,WR,"Wheaton, Markus",PIT,11,0,0,0,0,3,12,0,0,57,688,4,84,$2
142,23,RB,"Hill, Jeremy",CIN,7,0,0,0,0,267,1250,11,1,39,301,1,84,$26
143,328,TE,"Cumberland, Jeff",NYJ,5,0,0,0,0,0,0,0,0,28,328,4,84,$1
144,42,RB,"Hyde, Carlos",SFO,10,0,0,0,0,279,1325,10,3,26,171,1,84,$17
145,132,WR,"Funchess, Devin",CAR,5,0,0,0,0,1,3,0,1,56,653,4,83,$5
146,232,WR,"Bailey, Stedman",STL,6,0,0,0,0,11,68,1,0,39,503,5,81,$1
147,233,WR,"Hurns, Allen",JAC,8,0,0,0,0,1,1,0,0,51,593,4,81,$2
148,325,RB,"Smith, Antone",ATL,10,0,0,0,0,39,226,4,1,18,198,2,81,$1
149,229,WR,"Beasley, Cole",DAL,6,0,0,0,0,0,1,0,2,47,564,5,80,$2
150,236,WR,"Woods, Robert",BUF,8,0,0,0,0,0,0,0,1,55,596,4,79,$1
151,297,WR,"Streater, Rod",OAK,6,0,0,0,0,2,12,0,1,46,562,5,79,$1
152,273,QB,"Mettenberger, Zach",TEN,4,94,1109,9,7,14,42,0,4,0,0,0,79,$1
153,236,TE,"Green, Virgil",DEN,7,0,0,0,0,2,5,0,1,22,465,2,78,$2
154,208,RB,"Riddick, Theo",DET,9,0,0,0,0,59,350,1,0,60,531,6,78,$2
155,222,WR,"Sanu, Mohamed",CIN,7,0,0,0,0,9,52,0,0,46,615,4,76,$2
156,267,TE,"Housler, Robert",CLE,11,0,0,0,0,1,1,0,0,25,396,2,76,$1
157,284,WR,"Kearse, Jermaine",SEA,9,0,0,0,0,3,16,0,0,40,650,5,76,$1
158,225,TE,"Lewis, Marcedes",JAC,8,0,0,0,0,0,0,0,0,23,293,4,76,$0
159,269,QB,"Fitzpatrick, Ryan",NYJ,5,66,810,6,3,16,58,1,0,0,0,0,76,$1
160,229,QB,"Henne, Chad",JAC,8,88,912,7,3,7,35,0,1,0,0,0,76,$1
161,88,RB,"Randle, Joseph",DAL,6,0,0,0,0,240,1150,11,3,30,220,0,75,$12
162,300,TE,"Willson, Luke",SEA,9,0,0,0,0,0,0,0,0,24,311,3,73,$1
163,212,WR,"Britt, Kenny",STL,6,0,0,0,0,3,19,0,0,49,743,3,73,$2
164,124,RB,"Blount, LeGarrette",NEP,4,0,0,0,0,163,711,10,1,31,210,1,72,$6
165,98,WR,"Perriman, Breshad",BAL,9,0,0,0,0,1,0,0,1,53,656,3,71,$9
166,329,QB,"Cousins, Kirk",WAS,8,103,1201,5,4,8,45,0,3,0,0,0,70,$1
167,300,QB,"Stanton, Drew",ARI,9,65,928,5,2,10,26,0,0,0,0,0,69,$1
168,286,QB,"Manuel, E.J.",BUF,8,54,600,6,2,13,33,1,0,0,0,0,69,$1
169,35,RB,"Gordon, Melvin",SDC,10,0,0,0,0,218,891,7,1,35,310,2,69,$23
170,22,RB,"Murray, DeMarco",PHI,8,0,0,0,0,266,1250,11,4,35,278,0,69,$27
171,134,RB,"Davis, Knile",KCC,9,0,0,0,0,150,505,7,1,25,225,2,69,$4
172,230,TE,"Rodgers, Richard",GBP,7,0,0,0,0,0,0,0,0,25,260,3,69,$1
173,339,WR,"Parker, Preston",NYG,11,0,0,0,0,1,2,0,1,50,600,3,68,$1
174,138,TE,"Hill, Josh",NOS,11,0,0,0,0,0,0,0,0,24,266,3,68,$5
175,85,WR,"Adams, Davante",GBP,7,0,0,0,0,0,0,0,0,41,520,4,68,$8
176,303,WR,"Wright, Jarius",MIN,5,0,0,0,0,3,19,0,0,37,531,4,67,$1
177,367,TE,"Ford, Chase",MIN,5,0,0,0,0,0,0,0,0,30,367,0,66,$0
178,51,RB,"Forsett, Justin",BAL,9,0,0,0,0,175,975,7,1,65,475,2,66,$17
179,85,RB,"Crowell, Isaiah",CLE,11,0,0,0,0,194,735,9,3,20,181,1,66,$7
180,258,TE,"Toilolo, Levine",ATL,10,0,0,0,0,0,0,0,1,31,255,2,66,$1
181,124,WR,"Latimer, Cody",DEN,7,0,0,0,0,0,0,0,0,53,535,2,65,$4
182,,WR,"Jones, James",NYG,11,0,0,0,0,0,0,0,0,40,370,4,64,$
183,60,RB,"Yeldon, T.J.",JAC,8,0,0,0,0,222,915,7,2,44,315,1,63,$15
184,85,WR,"Parker, DeVante",MIA,5,0,0,0,0,1,3,0,1,51,565,2,63,$10
185,283,WR,"Jennings, Greg",MIA,5,0,0,0,0,1,1,0,1,44,550,3,62,$1
186,202,WR,"Johnson, Stevie",SDC,10,0,0,0,0,1,7,0,0,43,501,3,61,$3
187,205,WR,"Bowe, Dwayne",CLE,11,0,0,0,0,0,2,0,0,55,711,1,61,$3
188,75,RB,"Abdullah, Ameer",DET,9,0,0,0,0,136,765,4,1,46,430,3,60,$13
189,55,RB,"Morris, Alfred",WAS,8,0,0,0,0,261,1125,9,2,13,119,0,60,$15
190,50,RB,"Ingram, Mark",NOS,11,0,0,0,0,255,1175,10,2,44,257,0,60,$15
191,66,RB,"Spiller, C.J.",NOS,11,0,0,0,0,188,675,4,3,56,431,3,60,$14
192,75,RB,"Stewart, Jonathan",CAR,5,0,0,0,0,241,1121,5,2,28,186,2,60,$10
193,268,WR,"Hawkins, Andrew",CLE,11,0,0,0,0,2,11,0,0,46,625,2,58,$1
194,38,RB,"Gurley, Todd",STL,6,0,0,0,0,221,875,7,2,52,386,1,57,$22
195,133,RB,"Mathews, Ryan",PHI,8,0,0,0,0,146,650,9,0,32,207,0,57,$5
196,305,TE,"Tamme, Jacob",ATL,10,0,0,0,0,0,0,0,1,23,171,3,56,$1
197,,QB,"Hasselbeck, Matt",IND,10,70,740,5,1,18,0,0,3,0,0,0,56,$0
198,238,WR,"Toon, Nick",NOS,11,0,0,0,0,3,8,0,2,44,553,2,56,$1
199,345,WR,"Roberts, Andre",WAS,8,0,0,0,0,2,8,0,2,38,493,3,56,$1
200,316,WR,"Ellington, Bruce",SFO,10,0,0,0,0,2,8,1,0,20,241,4,56,$1
201,308,WR,"Hartline, Brian",CLE,11,0,0,0,0,2,9,0,0,43,589,2,55,$1
202,314,TE,"Gillmore, Crockett",BAL,9,0,0,0,0,0,0,0,0,20,236,2,55,$1
203,261,WR,"Wilson, Albert",KCC,9,0,0,0,0,2,3,0,0,36,522,3,54,$1
204,287,TE,"Harris, Demetrius",KCC,9,0,0,0,0,0,0,0,0,23,253,1,54,$1
205,63,RB,"Bernard, Giovani",CIN,7,0,0,0,0,177,723,4,1,49,388,2,54,$11
206,143,RB,"Ivory, Chris",NYJ,5,0,0,0,0,201,876,6,1,15,95,1,54,$5
207,250,QB,"Manziel, Johnny",CLE,11,46,550,1,1,13,65,3,1,0,0,0,53,$2
208,346,TE,"Sims, Dion",MIA,5,0,0,0,0,0,0,0,0,20,214,2,53,$1
209,296,WR,"Aiken, Kamar",BAL,9,0,0,0,0,1,1,0,0,29,312,4,53,$1
210,319,WR,"Hester, Devin",ATL,10,0,0,0,0,5,25,1,1,28,358,2,52,$2
211,349,WR,"Kerley, Jeremy",NYJ,5,0,0,0,0,8,49,0,0,40,450,2,52,$1
212,264,TE,"Paul, Niles",WAS,8,0,0,0,0,0,0,0,1,22,253,1,51,$1
213,518,TE,"Fasano, Anthony",TEN,4,0,0,0,0,0,0,0,0,17,165,3,51,$1
214,315,TE,"Wright, Tim",TBB,6,0,0,0,0,1,0,0,0,16,173,3,51,$1
215,21,RB,"McCoy, LeSean",BUF,8,0,0,0,0,287,1216,6,3,51,348,1,51,$27
216,348,WR,"Brown, Philly",CAR,5,0,0,0,0,11,63,0,1,41,525,1,50,$1
217,315,TE,"Harbor, Clay",JAC,8,0,0,0,0,0,0,0,0,25,257,0,50,$1
218,215,WR,"Huff, Josh",PHI,8,0,0,0,0,0,0,0,2,43,536,1,49,$2
219,,TE,"Fells, Daniel",NYG,11,0,0,0,0,0,1,0,1,16,176,3,49,$0
220,180,RB,"Woodhead, Danny",SDC,10,0,0,0,0,119,425,2,1,55,426,3,48,$3
221,46,RB,"Miller, Lamar",MIA,5,0,0,0,0,215,1034,5,2,36,256,1,48,$16
222,186,RB,"West, Terrance",CLE,11,0,0,0,0,130,479,4,1,10,52,2,48,$2
223,62,RB,"Ellington, Andre",ARI,9,0,0,0,0,223,850,5,2,44,321,1,48,$13
224,202,WR,"Hardy, Justin",ATL,10,0,0,0,0,1,2,0,0,42,435,1,48,$2
225,226,WR,"Austin, Tavon",STL,6,0,0,0,0,28,168,1,0,27,243,1,48,$2
226,377,WR,"Washington, Nate",HOU,9,0,0,0,0,2,9,0,0,36,492,1,48,$1
227,280,TE,"Griffin, Ryan",HOU,9,0,0,0,0,0,0,0,0,17,189,2,47,$0
228,304,WR,"Holmes, Andre",OAK,6,0,0,0,0,1,1,0,0,35,465,2,47,$1
229,304,WR,"Cooper, Riley",PHI,8,0,0,0,0,0,0,0,1,40,426,1,46,$1
230,110,WR,"Cruz, Victor",NYG,11,0,0,0,0,0,0,0,1,46,554,0,46,$7
231,,TE,"Dray, Jim",CLE,11,0,0,0,0,1,4,0,1,19,239,1,46,$0
232,184,WR,"Lockett, Tyler",SEA,9,0,0,0,0,2,3,0,0,34,373,2,46,$3
233,178,WR,"Lee, Marqise",JAC,8,0,0,0,0,3,8,0,1,38,418,1,44,$2
234,304,WR,"Cotchery, Jerricho",CAR,5,0,0,0,0,2,4,0,0,38,440,1,44,$1
235,,TE,"Dickson, Ed",CAR,5,0,0,0,0,0,0,0,0,16,220,1,44,$0
236,213,QB,"Davis, Austin",STL,6,69,760,4,5,6,5,0,1,0,0,0,43,$1
237,343,WR,"Nicks, Hakeem",TEN,4,0,0,0,0,0,0,0,0,25,313,3,43,$1
238,126,RB,"Johnson, David",ARI,9,0,0,0,0,98,340,5,2,21,187,1,42,$5
239,94,RB,"Bell, Joique",DET,9,0,0,0,0,151,614,5,1,31,288,1,42,$8
240,583,QB,"Hill, Shaun",MIN,5,43,508,4,2,7,6,0,1,0,0,0,42,$0
241,261,RB,"Polk, Chris",HOU,9,0,0,0,0,90,365,5,0,9,117,1,42,$1
242,59,RB,"Murray, Latavius",OAK,6,0,0,0,0,206,925,5,1,48,389,0,42,$13
243,192,RB,"Sproles, Darren",PHI,8,0,0,0,0,54,280,6,1,32,278,0,39,$3
244,247,RB,"Starks, James",GBP,7,0,0,0,0,80,370,4,0,15,111,1,39,$1
245,257,WR,"Dobson, Aaron",NEP,4,0,0,0,0,0,0,0,0,27,315,2,39,$1
246,,TE,"Fells, Darren",ARI,9,0,0,0,0,1,1,0,1,15,202,1,39,$0
247,206,WR,"Hunter, Justin",TEN,4,0,0,0,0,0,0,0,0,23,353,2,38,$2
248,,TE,"Ellison, Rhett",MIN,5,0,0,0,0,0,0,0,0,20,186,0,38,$0
249,361,TE,"Myers, Brandon",TBB,6,0,0,0,0,0,0,0,0,20,183,0,38,$0
250,,TE,"Paulsen, Logan",WAS,8,0,0,0,0,0,0,0,2,16,149,2,38,$0
251,166,RB,"Williams, Andre",NYG,11,0,0,0,0,167,538,6,0,17,129,0,36,$2
252,279,RB,"Young, Darrel",WAS,8,0,0,0,0,9,24,2,0,11,88,2,36,$0
253,311,WR,"Gabriel, Taylor",CLE,11,0,0,0,0,2,0,0,0,30,492,1,36,$1
254,270,RB,"Grice, Marion",ARI,9,0,0,0,0,25,105,6,0,13,28,0,36,$1
255,340,TE,"Kroft, Tyler",CIN,7,0,0,0,0,0,0,0,1,18,133,1,35,$1
256,254,TE,"Fauria, Joseph",DET,9,0,0,0,0,0,0,0,0,10,134,2,35,$0
257,,WR,"Murphy, Louis",TBB,6,0,0,0,0,1,3,0,0,22,253,2,34,$1
258,262,TE,"Escobar, Gavin",DAL,6,0,0,0,0,0,0,0,0,8,80,3,34,$1
259,353,WR,"Austin, Miles",PHI,8,0,0,0,0,0,0,0,1,27,326,1,33,$1
260,537,QB,"Weeden, Brandon",DAL,6,16,227,4,0,9,0,0,0,0,0,0,33,$1
261,881,TE,"Gragg, Chris",BUF,8,0,0,0,0,0,0,0,0,15,110,1,32,$1
262,278,TE,"Pettigrew, Brandon",DET,9,0,0,0,0,0,0,0,0,17,159,0,32,$1
263,103,WR,"Green-Beckham, Dorial",TEN,4,0,0,0,0,0,0,0,0,26,364,1,32,$8
264,,WR,"Johnson, Damaris",HOU,9,0,0,0,0,4,24,0,0,31,303,0,31,$1
265,135,RB,"McFadden, Darren",DAL,6,0,0,0,0,142,570,5,1,24,157,0,30,$6
266,346,RB,"Bolden, Brandon",NEP,4,0,0,0,0,96,341,3,0,31,275,1,30,$1
267,174,RB,"Bush, Reggie",SFO,10,0,0,0,0,107,383,3,1,33,194,1,30,$4
268,,RB,"Whittaker, Fozzy",CAR,5,0,0,0,0,37,163,1,0,10,116,2,30,$1
269,214,RB,"Herron, Dan",IND,10,0,0,0,0,138,567,4,3,40,302,0,30,$1
270,333,WR,"Matthews, Rishard",MIA,5,0,0,0,0,2,6,0,0,18,209,2,30,$1
271,183,RB,"Blue, Alfred",HOU,9,0,0,0,0,192,666,3,1,22,166,1,30,$3
272,310,QB,"Glennon, Mike",TBB,6,34,350,3,1,4,13,0,0,0,0,0,30,$1
273,178,RB,"Helu, Roy",OAK,6,0,0,0,0,46,212,1,1,31,288,2,30,$3
274,309,WR,"Goodwin, Marquise",BUF,8,0,0,0,0,3,4,0,0,9,166,2,30,$1
275,298,WR,"Hogan, Chris",BUF,8,0,0,0,0,0,0,0,0,17,145,2,29,$0
276,,TE,"Hoomanawanui, Michael",NEP,4,0,0,0,0,0,0,0,0,11,124,1,29,$0
277,338,WR,"Brown, Jaron",ARI,9,0,0,0,0,1,3,0,0,17,178,2,29,$1
278,271,WR,"Whalen, Griff",IND,10,0,0,0,0,0,0,0,1,16,171,2,28,$0
279,,QB,"Gabbert, Blaine",SFO,10,12,169,4,1,11,10,0,0,0,0,0,28,$0
280,295,WR,"Campanaro, Michael",BAL,9,0,0,0,0,2,0,0,1,16,182,2,28,$1
281,256,QB,"McGloin, Matt",OAK,6,43,522,3,5,4,6,0,1,0,0,0,27,$1
282,609,WR,"Avant, Jason",KCC,9,0,0,0,0,1,1,0,0,27,270,0,27,$1
283,283,WR,"Gibson, Brandon",NEP,4,0,0,0,0,0,0,0,0,20,219,1,26,$1
284,266,WR,"Brown, Marlon",BAL,9,0,0,0,0,1,3,0,0,26,262,0,26,$1
285,,TE,"Doyle, Jack",IND,10,0,0,0,0,0,0,0,0,17,95,0,26,$0
286,321,TE,"Pruitt, MyCole",MIN,5,0,0,0,0,0,0,0,0,14,123,0,26,$1
287,272,WR,"Butler, Brice",OAK,6,0,0,0,0,0,0,0,0,14,127,2,26,$0
288,,WR,"Richardson, Paul",SEA,9,0,0,0,0,0,0,0,0,26,251,0,26,$
289,,WR,"Ross, Jeremy",DET,9,0,0,0,0,2,13,0,2,19,230,1,25,$1
290,224,RB,"Robinson, Khiry",NOS,11,0,0,0,0,102,455,4,2,21,144,0,24,$1
291,118,RB,"Sankey, Bishop",TEN,4,0,0,0,0,169,615,2,1,20,135,1,24,$5
292,100,RB,"Vereen, Shane",NYG,11,0,0,0,0,117,439,2,0,36,285,1,24,$7
293,303,RB,"Williams, Damien",MIA,5,0,0,0,0,61,226,0,0,30,272,2,24,$1
294,263,RB,"Gray, Jonas",NEP,4,0,0,0,0,107,420,4,0,9,63,0,24,$1
295,356,RB,"Todman, Jordan",CAR,5,0,0,0,0,27,162,1,0,20,155,1,24,$1
296,591,RB,"Taylor, Stepfan",ARI,9,0,0,0,0,54,168,0,0,9,62,2,24,$1
297,185,RB,"Artis-Payne, Cameron",CAR,5,0,0,0,0,107,358,2,1,19,121,1,24,$2
298,563,WR,"Pettis, Austin",SDC,10,0,0,0,0,0,0,0,0,18,175,1,24,$0
299,218,RB,"Jackson, Fred",BUF,8,0,0,0,0,117,465,2,0,37,289,1,24,$2
300,301,RB,"Rainey, Bobby",TBB,6,0,0,0,0,136,450,2,3,44,393,1,24,$1
301,127,RB,"Jennings, Rashad",NYG,11,0,0,0,0,136,523,4,1,26,182,0,24,$7
302,,TE,"Barnidge, Gary",CLE,11,0,0,0,0,0,0,0,0,10,132,0,23,$1
303,,TE,"Helfet, Cooper",SEA,9,0,0,0,0,0,0,0,0,8,81,1,22,$0
304,236,WR,"Lockette, Ricardo",SEA,9,0,0,0,0,1,3,0,0,15,226,1,21,$1
305,,TE,"Spaeth, Matt",PIT,11,0,0,0,0,0,0,0,0,4,52,2,21,$0
306,266,TE,"Robinson, Adrien",NYG,11,0,0,0,0,0,0,0,0,5,42,2,21,$1
307,,QB,"Tolzien, Scott",GBP,7,27,312,0,2,15,36,2,0,0,0,0,21,$0
308,341,WR,"Little, Greg",CIN,7,0,0,0,0,0,0,0,0,14,138,1,20,$0
309,187,WR,"Coates, Sammie",PIT,11,0,0,0,0,0,0,0,1,20,285,0,20,$2
310,250,QB,"Mallett, Ryan",HOU,9,37,370,2,2,9,0,0,0,0,0,0,20,$1
311,,QB,"Whitehurst, Charlie",TEN,4,18,225,2,1,5,15,0,0,0,0,0,19,$1
312,,WR,"Benjamin, Travis",CLE,11,0,0,0,0,3,11,0,0,13,250,1,19,$
313,,TE,"Moeaki, Tony",ATL,10,0,0,0,0,0,0,0,0,7,61,1,19,$1
314,247,QB,"Osweiler, Brock",DEN,7,17,189,2,0,15,0,0,0,0,0,0,19,$2
315,336,WR,"Fuller, Corey",DET,9,0,0,0,0,0,0,0,1,13,171,1,19,$1
316,,WR,"Salas, Greg",DET,9,0,0,0,0,1,4,1,0,6,114,0,18,$
317,213,RB,"Ridley, Stevan",NYJ,5,0,0,0,0,89,353,1,1,8,45,1,18,$2
318,270,WR,"Givens, Chris",STL,6,0,0,0,0,2,0,0,0,12,158,1,18,$1
319,340,RB,"Powell, Bilal",NYJ,5,0,0,0,0,130,555,1,1,28,201,1,18,$1
320,263,RB,"Asiata, Matt",MIN,5,0,0,0,0,61,225,3,1,16,94,0,18,$1
321,135,RB,"Cobb, David",TEN,4,0,0,0,0,113,415,1,1,22,143,1,18,$5
322,,QB,"Clemens, Kellen",SDC,10,30,328,2,2,5,10,0,1,0,0,0,18,$0
323,,RB,"Bradshaw, Ahmad",FA*,,0,0,0,0,65,250,1,0,22,170,1,18,$
324,,TE,"Rosario, Dante",CHI,7,0,0,0,0,0,0,0,1,12,85,0,18,$0
325,245,RB,"Hillman, Ronnie",DEN,7,0,0,0,0,108,394,1,0,16,98,1,18,$1
326,,WR,"Weems, Eric",ATL,10,0,0,0,0,0,0,0,0,6,50,2,18,$0
327,79,RB,"Coleman, Tevin",ATL,10,0,0,0,0,50,216,3,0,11,94,0,18,$11
328,96,RB,"Mason, Tre",STL,6,0,0,0,0,154,583,3,2,22,164,0,18,$7
329,302,RB,"Cunningham, Benny",STL,6,0,0,0,0,62,238,3,1,36,274,0,18,$1
330,237,RB,"Taliaferro, Lorenzo",BAL,9,0,0,0,0,77,318,3,2,12,87,0,18,$1
331,158,RB,"Ball, Montee",DEN,7,0,0,0,0,128,595,3,1,23,146,0,18,$3
332,,WR,"Moore, Lance",DET,9,0,0,0,0,0,0,0,0,11,147,1,17,$
333,222,WR,"Wilson, Marquess",CHI,7,0,0,0,0,0,0,0,0,10,81,1,16,$2
334,288,TE,"Fiedorowicz, C.J.",HOU,9,0,0,0,0,0,0,0,0,5,40,1,15,$1
335,,QB,"Anderson, Derek",CAR,5,8,86,2,0,4,0,0,0,0,0,0,15,$0
336,202,WR,"Thompkins, Kenbrell",OAK,6,0,0,0,0,2,10,0,0,15,164,0,15,$0
337,308,WR,"Inman, Dontrelle",SDC,10,0,0,0,0,0,0,0,0,15,315,0,15,$1
338,256,RB,"Dixon, Anthony",BUF,8,0,0,0,0,78,318,2,0,8,50,0,15,$0
339,,TE,"Phillips, John",SDC,10,0,0,0,0,0,0,0,0,5,48,1,15,$0
340,,TE,"Gray, MarQueis",BUF,8,0,0,0,0,1,2,0,0,8,75,0,15,$0
341,,WR,"Graham, T.J.",NYJ,5,0,0,0,0,0,0,0,0,2,42,1,14,$
342,148,WR,"Dorsett, Phillip",IND,10,0,0,0,0,0,0,0,0,14,375,0,14,$5
343,,WR,"Owusu, Chris",NYJ,5,0,0,0,0,0,2,0,0,7,59,1,13,$1
344,105,RB,"Johnson, Duke",CLE,11,0,0,0,0,81,311,2,2,16,117,0,12,$6
345,205,RB,"Williams, DeAngelo",PIT,11,0,0,0,0,166,575,2,2,30,316,0,12,$2
346,,WR,"Hemingway, Junior",KCC,9,0,0,0,0,1,0,0,0,12,128,0,12,$0
347,266,RB,"Thomas, Daniel",CHI,7,0,0,0,0,33,112,2,0,12,98,0,12,$0
348,,WR,"Saunders, Jalen",NOS,11,0,0,0,0,1,0,0,0,12,148,0,12,$1
349,104,RB,"Martin, Doug",TBB,6,0,0,0,0,158,625,2,1,18,111,0,12,$8
350,814,WR,"Tate, Brandon",CIN,7,0,0,0,0,2,12,0,0,12,144,0,12,$0
351,238,RB,"Turbin, Robert",SEA,9,0,0,0,0,68,263,0,1,9,78,1,12,$1
352,226,RB,"Oliver, Branden",SDC,10,0,0,0,0,139,453,2,0,34,235,0,12,$2
353,,TE,"Hanna, James",DAL,6,0,0,0,0,0,0,0,0,6,61,0,12,$0
354,,RB,"Thompson, Chris",WAS,8,0,0,0,0,11,30,0,0,9,37,1,12,$0
355,905,RB,"Burkhead, Rex",CIN,7,0,0,0,0,17,74,2,0,14,119,0,12,$0
356,,RB,"Coleman, Derrick",SEA,9,0,0,0,0,0,0,0,0,2,13,1,12,$
357,309,RB,"McCluster, Dexter",TEN,4,0,0,0,0,43,135,0,0,32,244,1,12,$1
358,200,RB,"Robinson, Denard",JAC,8,0,0,0,0,100,424,2,2,20,115,0,12,$2
359,359,RB,"Redd, Silas",WAS,8,0,0,0,0,34,200,2,0,21,245,0,12,$0
360,115,RB,"Freeman, Devonta",ATL,10,0,0,0,0,31,127,0,0,15,90,1,12,$5
361,174,RB,"Jones, Matt",WAS,8,0,0,0,0,87,335,2,0,23,216,0,12,$3
362,270,RB,"Cadet, Travaris",NEP,4,0,0,0,0,5,15,0,2,19,139,1,12,$1
363,,TE,"Cunningham, Justice",STL,6,0,0,0,0,0,0,0,0,7,46,0,11,$0
364,299,WR,"Moore, Denarius",CIN,7,0,0,0,0,2,1,0,1,11,101,0,11,$1
365,346,WR,"Patton, Quinton",SFO,10,0,0,0,0,4,20,0,1,11,169,0,11,$1
366,276,TE,"McDonald, Vance",SFO,10,0,0,0,0,0,0,0,0,5,59,0,10,$0
367,,TE,"Casey, James",DEN,7,0,0,0,0,0,0,0,0,2,22,1,10,$
368,351,TE,"Niklas, Troy",ARI,9,0,0,0,0,1,1,0,0,5,55,0,10,$1
369,,TE,"Jacobs, Nic",JAC,8,0,0,0,0,0,0,0,0,3,17,1,10,$
370,321,WR,"Brown, Vincent",IND,10,0,0,0,0,0,0,0,0,10,92,0,10,$0
371,313,WR,"Ginn Jr., Ted",CAR,5,0,0,0,0,3,6,0,0,10,123,0,10,$2
372,,TE,"Stocker, Luke",TBB,6,0,0,0,0,0,0,0,0,6,31,0,9,$0
373,293,WR,"Norwood, Kevin",SEA,9,0,0,0,0,1,0,0,0,9,108,0,9,$1
374,,TE,"Leonhardt, Brian",OAK,6,0,0,0,0,0,0,0,0,6,39,0,9,$0
375,,TE,"Smith, Lee",OAK,6,0,0,0,0,0,0,0,0,5,49,0,9,$0
376,248,WR,"Greene, Rashad",JAC,8,0,0,0,0,0,0,0,1,9,75,0,9,$1
377,336,QB,"Thomas, Logan",ARI,9,3,225,0,0,0,0,0,0,0,0,0,9,$0
378,219,TE,"Walford, Clive",OAK,6,0,0,0,0,0,0,0,0,5,43,0,9,$2
379,227,WR,"Caldwell, Andre",DEN,7,0,0,0,0,1,3,0,0,8,82,0,8,$1
380,262,WR,"Matthews, Chris",SEA,9,0,0,0,0,0,0,0,0,2,250,1,8,$1
381,619,WR,"Simpson, Jerome",SFO,10,0,0,0,0,1,2,0,0,8,131,0,8,$1
382,225,WR,"Janis, Jeff",GBP,7,0,0,0,0,0,0,0,0,7,55,0,7,$1
383,306,WR,"Jones, Jacoby",SDC,10,0,0,0,0,3,16,0,1,7,93,0,7,$1
384,,TE,"Carrier, Derek",SFO,10,0,0,0,0,1,2,0,0,3,41,0,7,$0
385,349,WR,"Boyce, Josh",NEP,4,0,0,0,0,0,0,0,0,7,104,0,7,$0
386,,TE,"Celek, Garrett",SFO,10,0,0,0,0,0,0,0,0,3,43,0,7,$0
387,317,RB,"Gerhart, Toby",JAC,8,0,0,0,0,82,254,1,1,18,178,0,6,$1
388,239,RB,"Carey, Ka'Deem",CHI,7,0,0,0,0,27,113,1,0,5,57,0,6,$1
389,137,WR,"Strong, Jaelen",HOU,9,0,0,0,0,0,0,0,0,6,44,0,6,$4
390,361,WR,"Street, Devin",DAL,6,0,0,0,0,0,0,0,0,6,350,0,6,$0
391,,RB,"Moreno, Knowshon",FA*,,0,0,0,0,75,320,1,0,12,85,0,6,$
392,,RB,"Neal, Rajion",GBP,7,0,0,0,0,23,81,1,1,4,16,0,6,$0
393,,RB,"Tipton, Zurlon",IND,10,0,0,0,0,38,123,1,0,8,95,0,6,$0
394,132,RB,"Sims, Charles",TBB,6,0,0,0,0,105,325,1,1,32,299,0,6,$4
395,,RB,"Thomas, Pierre",FA*,,0,0,0,0,60,275,1,0,30,260,0,6,$
396,,RB,"Johnson, Chris",FA*,,0,0,0,0,140,575,1,0,20,140,0,6,$
397,,WR,"White, Myles",GBP,7,0,0,0,0,0,0,0,0,6,45,0,6,$0
398,272,RB,"Stacy, Zac",NYJ,5,0,0,0,0,70,256,1,1,14,103,0,6,$1
399,197,RB,"Davis, Mike",SFO,10,0,0,0,0,43,159,1,2,7,64,0,6,$1
400,267,RB,"Baker, Edwin",NOS,11,0,0,0,0,40,127,1,0,12,67,0,6,$0
401,291,RB,"Brown, Bryce",BUF,8,0,0,0,0,61,203,1,1,24,264,0,6,$1
402,340,RB,"Pierce, Bernard",JAC,8,0,0,0,0,42,158,1,0,3,4,0,6,$0
403,344,RB,"Brown, Donald",SDC,10,0,0,0,0,97,262,1,0,30,212,0,6,$1
404,,WR,"Morgan, Josh",NOS,11,0,0,0,0,3,17,0,0,6,60,0,6,$
405,343,RB,"Rodgers, Jacquizz",CHI,7,0,0,0,0,52,184,1,0,23,146,0,6,$0
406,337,WR,"Jenkins, A.J.",DAL,6,0,0,0,0,2,0,0,0,6,62,0,6,$0
407,,QB,"Clausen, Jimmy",CHI,7,11,141,0,0,1,0,0,0,0,0,0,5,$1
408,623,WR,"Martin, Keshawn",HOU,9,0,0,0,0,0,0,0,0,5,45,0,5,$1
409,713,WR,"Harris, Dwayne",NYG,11,0,0,0,0,3,0,0,1,5,41,0,5,$1
410,,WR,"Thielen, Adam",MIN,5,0,0,0,0,0,0,0,0,5,77,0,5,$0
411,328,WR,"Morgan, Joseph",NOS,11,0,0,0,0,2,13,0,0,5,101,0,5,$0
412,307,WR,"Herron, Robert",TBB,6,0,0,0,0,2,10,0,1,5,48,0,5,$1
413,334,WR,"Washington, Corey",NYG,11,0,0,0,0,0,0,0,0,5,55,0,5,$1
414,196,WR,"Smith, Devin",NYJ,5,0,0,0,0,3,13,0,0,5,40,0,5,$2
415,195,WR,"Conley, Chris",KCC,9,0,0,0,0,1,0,0,1,5,40,0,5,$2
416,796,WR,"Broyles, Ryan",DET,9,0,0,0,0,0,0,0,0,4,49,0,4,$0
417,,TE,"Coffman, Chase",TEN,4,0,0,0,0,0,0,0,0,2,21,0,4,$
418,,WR,"Heyward-Bey, Darrius",PIT,11,0,0,0,0,0,0,0,1,4,35,0,4,$0
419,223,WR,"Bell, Kenny",TBB,6,0,0,0,0,0,0,0,0,3,38,0,3,$1
420,,WR,"Maehl, Jeff",PHI,8,0,0,0,0,0,0,0,0,3,34,0,3,$0
421,,TE,"Williams, Brandon",CAR,5,0,0,0,0,0,0,0,0,2,17,0,3,$1
422,226,WR,"Diggs, Stefon",MIN,5,0,0,0,0,0,0,0,0,3,150,0,3,$1
423,,WR,"Nelson, J.J.",ARI,9,0,0,0,0,1,0,0,0,3,25,0,3,$1
424,,WR,"Robinson, Aldrick",BAL,9,0,0,0,0,1,0,0,0,3,47,0,3,$
425,,WR,"Golden, Brittan",ARI,9,0,0,0,0,0,0,0,0,3,63,0,3,$0
426,292,WR,"Crowder, Jamison",WAS,8,0,0,0,0,0,0,0,0,2,11,0,2,$1
427,,TE,"Jones, Dominique",DEN,7,0,0,0,0,0,0,0,0,1,10,0,2,$
428,,QB,"McCoy, Colt",WAS,8,10,126,0,1,3,7,0,0,0,0,0,2,$0
429,,TE,"Davis, Kellen",NYJ,5,0,0,0,0,0,0,0,0,1,15,0,2,$0
430,301,QB,"Taylor, Tyrod",BUF,8,1,25,0,0,3,16,0,0,0,0,0,2,$1
431,,WR,"Benn, Arrelious",JAC,8,0,0,0,0,0,0,0,1,1,7,0,1,$0
432,,WR,"Thigpen, Marcus",BUF,8,0,0,0,0,0,0,0,0,1,9,0,1,$
433,,WR,"Tyms, Brian",NEP,4,0,0,0,0,0,0,0,0,1,7,0,1,$
434,,WR,"Shepard, Russell",TBB,6,0,0,0,0,0,0,0,0,1,14,0,1,$0
435,253,WR,"Montgomery, Ty",GBP,7,0,0,0,0,0,0,0,1,1,7,0,1,$1
436,,TE,"Stevens, Craig",TEN,4,0,0,0,0,0,0,0,0,1,5,0,1,$0
437,,TE,"Perillo, Justin",GBP,7,0,0,0,0,0,0,0,0,1,1,0,1,$
438,,TE,"Jensen, Marcel",DEN,7,0,0,0,0,0,0,0,0,1,4,0,1,$0
439,,TE,"Gordon, Richard",KCC,9,0,0,0,0,0,0,0,0,1,5,0,1,$0
440,228,WR,"Smelter, DeAndre",SFO,10,0,0,0,0,1,5,0,0,1,4,0,1,$1
441,,WR,"Mariani, Marc",CHI,7,0,0,0,0,0,0,0,0,0,0,0,0,$0
442,618,QB,"Ponder, Christian",OAK,6,1,9,0,0,0,0,0,0,0,0,0,0,$1
443,,QB,"Kafka, Mike",MIN,5,0,0,0,0,0,0,0,0,0,0,0,0,$0
444,,RB,"Smith, Jerome",ATL,10,0,0,0,0,20,73,0,0,8,34,0,0,$
445,304,RB,"Brown, Malcolm",STL,6,0,0,0,0,0,25,0,0,0,0,0,0,$0
446,,QB,"Johnson, Josh",SFO,10,0,0,0,0,0,0,0,0,0,0,0,0,$0
447,,QB,"Gradkowski, Bruce",PIT,11,1,14,0,0,7,0,0,0,0,0,0,0,$0
448,,QB,"Orlovsky, Dan",DET,9,0,0,0,0,2,0,0,0,0,0,0,0,$0
449,,QB,"Jackson, Tarvaris",SEA,9,5,9,0,0,2,0,0,0,0,0,0,0,$1
450,276,WR,"Mayle, Vince",CLE,11,0,0,0,0,0,0,0,0,0,0,0,0,$0
451,,WR,"Norwood, Jordan",DEN,7,0,0,0,0,0,0,0,0,0,0,0,0,$
452,,RB,"Tolbert, Mike",CAR,5,0,0,0,0,64,172,0,0,22,158,0,0,$
453,,QB,"Moore, Kellen",DET,9,0,0,0,0,0,0,0,0,0,0,0,0,$0
454,,RB,"Reece, Marcel",OAK,6,0,0,0,0,20,88,0,1,32,241,0,0,$
455,638,QB,"Freeman, Josh",MIA,5,0,0,0,0,0,0,0,0,0,0,0,0,$0
456,,WR,"Blake, Emory",STL,6,0,0,0,0,0,0,0,0,0,0,0,0,$
457,,TE,"Supernaw, Phillip",TEN,4,0,0,0,0,0,0,0,0,0,3,0,0,$
458,308,RB,"James, Mike",TBB,6,0,0,0,0,26,98,0,0,0,0,0,0,$1
459,,RB,"Brown, Dominique",TBB,6,0,0,0,0,0,0,0,0,0,0,0,0,$0
460,,RB,"Jones, Taiwan",OAK,6,0,0,0,0,6,0,0,0,0,6,0,0,$1
461,206,RB,"Langford, Jeremy",CHI,7,0,0,0,0,28,165,0,0,1,6,0,0,$2
462,,TE,"Stoneburner, Jake",MIA,5,0,0,0,0,0,0,0,0,0,1,0,0,$0
463,,QB,"Morris, Stephen",JAC,8,0,0,0,0,0,0,0,0,0,0,0,0,$0
464,281,QB,"Hundley, Brett",GBP,7,0,0,0,0,0,0,0,0,0,0,0,0,$0
465,202,RB,"Robinson, Josh",IND,10,0,0,0,0,30,90,0,1,6,32,0,0,$3
466,174,RB,"Allen, Javorius",BAL,9,0,0,0,0,0,0,0,0,0,0,0,0,$3
467,183,RB,"Grimes, Jonathan",HOU,9,0,0,0,0,28,116,0,0,5,67,0,0,$0
468,,QB,"Vaughan, Dustin",DAL,6,0,0,0,0,0,0,0,0,0,0,0,0,$0
469,,TE,"Lynch, Arthur",MIA,5,0,0,0,0,0,0,0,0,0,0,0,0,$0
470,,QB,"Renner, Bryn",BAL,9,0,0,0,0,0,0,0,0,0,0,0,0,$0
471,,RB,"Kuhn, John",GBP,7,0,0,0,0,21,81,0,0,5,27,0,0,$
472,319,RB,"Barner, Kenjon",PHI,8,0,0,0,0,0,0,0,0,0,0,0,0,$0
473,,RB,"Darkwa, Orleans",NYG,11,0,0,0,0,6,7,0,0,2,18,0,0,$0
474,,RB,"Murphy, Marcus",NOS,11,0,0,0,0,12,24,0,1,2,7,0,0,$0
475,,RB,"Winston, Glenn",CLE,11,0,0,0,0,0,0,0,0,0,0,0,0,$0
476,,RB,"Watts, Trey",STL,6,0,0,0,0,0,0,0,0,0,0,0,0,$
477,,WR,"Ford, Jacoby",TEN,4,0,0,0,0,1,5,0,0,0,0,0,0,$0
478,,RB,"Toussaint, Fitzgerald",BAL,9,0,0,0,0,14,27,0,0,8,43,0,0,$0
479,,RB,"Winn, George",DET,9,0,0,0,0,16,53,0,0,2,9,0,0,$0
480,261,RB,"Williams, Karlos",BUF,8,0,0,0,0,16,42,0,1,2,4,0,0,$1
481,569,RB,"Gillislee, Mike",MIA,5,0,0,0,0,6,35,0,0,0,0,0,0,$1
482,167,RB,"Michael, Christine",SEA,9,0,0,0,0,37,135,0,0,2,16,0,0,$2
483,,TE,"Charles, Orson",NOS,11,0,0,0,0,0,0,0,0,0,0,0,0,$0
484,114,RB,"Ajayi, Jay",MIA,5,0,0,0,0,8,7,0,0,0,0,0,0,$4
485,,WR,"Meachem, Robert",FA*,,0,0,0,0,0,0,0,0,0,0,0,0,$
486,,WR,"Wright, James",CIN,7,0,0,0,0,0,0,0,0,0,0,0,0,$
487,250,RB,"Zenner, Zach",DET,9,0,0,0,0,2,5,0,0,0,0,0,0,$1
488,,RB,"Hunt, Akeem",NYG,11,0,0,0,0,0,0,0,0,0,0,0,0,$0
489,,WR,"Moore, Marlon",CLE,11,0,0,0,0,0,0,0,0,0,1,0,0,$
490,,TE,"Uzomah, C.J.",CIN,7,0,0,0,0,0,0,0,0,0,1,0,0,$1
491,,RB,"Johnson, Gus",DAL,6,0,0,0,0,0,0,0,0,0,0,0,0,$0
492,321,WR,"Thomas, De'Anthony",KCC,9,0,0,0,0,0,0,0,0,0,0,0,0,$1
493,,WR,"Burse, Isaiah",DEN,7,0,0,0,0,0,0,0,0,0,0,0,0,$0
494,,WR,"Spencer, Evan",WAS,8,0,0,0,0,0,0,0,0,0,0,0,0,$0
495,,TE,"Christian, Gerald",ARI,9,0,0,0,0,0,0,0,0,0,0,0,0,$2
496,,WR,"Hazel, Matt",MIA,5,0,0,0,0,0,0,0,0,0,0,0,0,$0
497,279,QB,"Petty, Bryce",NYJ,5,0,0,0,0,0,0,0,0,0,0,0,0,$1
498,,TE,"Burton, Trey",PHI,8,0,0,0,0,0,0,0,0,0,2,0,0,$0
499,338,QB,"Mannion, Sean",STL,6,0,0,0,0,0,0,0,0,0,0,0,0,$0
500,,QB,"McCown, Luke",NOS,11,0,0,0,0,2,0,0,0,0,0,0,0,$0
501,,RB,"Edwards, Jahwan",SDC,10,0,0,0,0,0,0,0,0,0,0,0,0,$0
502,,QB,"Grayson, Garrett",NOS,11,0,0,0,0,0,0,0,0,0,0,0,0,$
503,,QB,"Lindley, Ryan",NEP,4,7,81,0,1,2,2,0,0,0,0,0,0,$
504,,WR,"Washington, L'Damian",PIT,11,0,0,0,0,0,0,0,0,0,0,0,0,$0
505,,TE,"Sudfeld, Zach",NYJ,5,0,0,0,0,0,0,0,0,0,0,0,0,$
506,362,TE,"Bell, Blake",SFO,10,0,0,0,0,0,0,0,0,0,0,0,0,$1
507,315,RB,"Dyer, Michael",OAK,6,0,0,0,0,43,137,0,1,17,118,0,0,$0
508,387,RB,"Magee, Terrence",BAL,9,0,0,0,0,6,9,0,0,2,3,0,0,$0
509,272,RB,"Rawls, Thomas",SEA,9,0,0,0,0,84,275,0,0,7,57,0,0,$1
510,,RB,"Hilliard, Kenny",HOU,9,0,0,0,0,0,0,0,0,0,0,0,0,$0
511,268,TE,"James, Jesse",PIT,11,0,0,0,0,0,0,0,0,0,0,0,0,$1
512,,TE,"Heuerman, Jeff",DEN,7,0,0,0,0,0,0,0,0,0,0,0,0,$
513,,WR,"Abbrederis, Jared",GBP,7,0,0,0,0,0,0,0,0,0,0,0,0,$
514,255,WR,"Waller, Darren",BAL,9,0,0,0,0,0,0,0,0,0,0,0,0,$1
515,,TE,"Robinson, Gerrell",MIA,5,0,0,0,0,0,0,0,0,0,1,0,0,$
516,,TE,"Denham, Anthony",HOU,9,0,0,0,0,0,0,0,0,0,0,0,0,$0
517,354,TE,"O'Leary, Nick",BUF,8,0,0,0,0,0,0,0,0,0,0,0,0,$1
518,,RB,"Harris, Josh",PIT,11,0,0,0,0,42,125,0,0,4,22,0,0,$0
519,,RB,"West, Charcandrick",KCC,9,0,0,0,0,6,14,0,0,5,39,0,0,$0
520,211,WR,"Posey, DeVier",NYJ,5,0,0,0,0,0,0,0,0,0,0,0,0,$0
521,,WR,"Streeter, Tommy",MIA,5,0,0,0,0,0,0,0,0,0,0,0,0,$
522,,RB,"Williams, Kerwynn",ARI,9,0,0,0,0,58,218,0,0,9,32,0,0,$1
523,341,RB,"Hunter, Kendall",SFO,10,0,0,0,0,31,132,0,0,1,5,0,0,$1
524,,QB,"Fales, David",CHI,7,0,0,0,0,0,0,0,0,0,0,0,0,$0
525,,RB,"Williams, Ryan",DAL,6,0,0,0,0,0,0,0,0,0,0,0,0,$
526,232,RB,"Richardson, Trent",OAK,6,0,0,0,0,0,0,0,0,0,0,0,0,$1
527,,RB,"Draughn, Shaun",CLE,11,0,0,0,0,1,1,0,0,1,1,0,0,$0
528,,RB,"Perry, Senorise",CHI,7,0,0,0,0,0,0,0,0,0,0,0,0,$
529,,RB,"Peerman, Cedric",CIN,7,0,0,0,0,13,21,0,0,6,57,0,0,$0
530,151,WR,"Gordon, Josh",CLE,11,0,0,0,0,0,0,0,0,0,0,0,0,$4
531,250,RB,"Dunbar, Lance",DAL,6,0,0,0,0,71,425,0,0,26,288,0,0,$1
532,,RB,"Harris, DuJuan",MIN,5,0,0,0,0,13,35,0,0,1,14,0,0,$0
533,,QB,"Gilbert, Garrett",DET,9,0,0,0,0,0,0,0,0,0,0,0,0,$
534,,QB,"Webb, Joe",CAR,5,0,0,0,0,0,0,0,0,0,0,0,0,$1
535,215,WR,"Blackmon, Justin",JAC,8,0,0,0,0,0,0,0,0,0,0,0,0,$2
536,,QB,"Daniels, B.J.",SEA,9,0,0,0,0,0,0,0,0,0,0,0,0,$
537,328,WR,"Jones, Seantavius",NOS,11,0,0,0,0,0,0,0,0,0,0,0,0,$1
538,325,WR,"Hankerson, Leonard",ATL,10,0,0,0,0,0,0,0,0,0,3,0,0,$1
539,,WR,"Easley, Marcus",BUF,8,0,0,0,0,0,0,0,0,0,0,0,0,$0
540,,QB,"Renfree, Sean",ATL,10,0,0,0,0,0,0,0,0,0,0,0,0,$0
541,,QB,"Dysert, Zac",DEN,7,0,0,0,0,0,0,0,0,0,0,0,0,$1
542,319,QB,"Murray, Aaron",KCC,9,0,0,0,0,0,0,0,0,0,0,0,0,$0
543,,QB,"Shaw, Connor",CLE,11,1,7,0,0,0,1,0,0,0,0,0,0,$0
544,390,QB,"McCarron, A.J.",CIN,7,0,0,0,0,10,7,0,0,0,0,0,0,$1
545,,QB,"Griffin, Ryan",NOS,11,0,0,0,0,0,0,0,0,0,0,0,0,$0
546,,QB,"Jones, Landry",PIT,11,0,0,0,0,0,0,0,0,0,0,0,0,$1
547,308,RB,"Richardson, Daryl",NYJ,5,0,0,0,0,2,4,0,0,1,5,0,0,$0
548,,WR,"Bellamy, Josh",CHI,7,0,0,0,0,0,0,0,0,0,0,0,0,$0
549,320,RB,"Wilder, James",CIN,7,0,0,0,0,0,0,0,0,0,0,0,0,$0
550,136,RB,"McKinnon, Jerick",MIN,5,0,0,0,0,107,485,0,0,25,145,0,0,$3
551,,RB,"Banyard, Joe",MIN,5,0,0,0,0,9,30,0,0,5,39,0,0,$0
552,370,RB,"Seastrunk, Lache",DAL,6,0,0,0,0,0,0,0,0,0,0,0,0,$0
553,,RB,"Reynolds, Chase",STL,6,0,0,0,0,0,0,0,0,0,1,0,0,$0
554,338,RB,"Ballard, Vick",IND,10,0,0,0,0,0,0,0,0,0,0,0,0,$0
555,,RB,"Gaskins, Kendall",SFO,10,0,0,0,0,3,0,0,0,0,0,0,0,$0
556,384,RB,"Johnson, Storm",JAC,8,0,0,0,0,0,0,0,0,0,0,0,0,$0
557,,RB,"Stewart, Jeremy",DEN,7,0,0,0,0,3,8,0,0,0,0,0,0,$0
558,,RB,"Reaves, Darrin",KCC,9,0,0,0,0,4,2,0,1,1,4,0,0,$
559,,RB,"Andrews, Antonio",TEN,4,0,0,0,0,34,200,0,0,8,48,0,0,$0
560,337,RB,"Thompson, Juwan",DEN,7,0,0,0,0,70,415,0,0,14,141,0,0,$1
561,320,RB,"Archer, Dri",PIT,11,0,0,0,0,17,59,0,0,12,51,0,0,$1
562,218,RB,"White, James",NEP,4,0,0,0,0,23,59,0,0,4,33,0,0,$2
563,,RB,"Tucker, Matthew",PHI,8,0,0,0,0,0,0,0,0,0,0,0,0,$
564,,RB,"DiMarco, Patrick",ATL,10,0,0,0,0,0,0,0,0,8,65,0,0,$0
565,,TE,"Reisner, Allen",BAL,9,0,0,0,0,0,0,0,0,0,0,0,0,$
566,341,WR,"Boykin, Jarrett",CAR,5,0,0,0,0,0,0,0,0,0,2,0,0,$0
567,,WR,"Enunwa, Quincy",NYJ,5,0,0,0,0,0,0,0,0,0,0,0,0,$
568,330,RB,"Crockett, John",GBP,7,0,0,0,0,0,0,0,0,0,0,0,0,$0
569,,WR,"Dawson, Skye",DET,9,0,0,0,0,2,7,0,0,0,0,0,0,$
570,373,RB,"James, LaMichael",MIA,5,0,0,0,0,26,88,0,0,9,49,0,0,$1
571,,TE,"Miller, Zach",CHI,7,0,0,0,0,0,0,0,0,0,0,0,0,$0
572,,WR,"Jones, T.J.",DET,9,0,0,0,0,0,0,0,0,0,0,0,0,$1
573,,WR,"Farmer, George",DAL,6,0,0,0,0,0,0,0,0,0,0,0,0,$0
574,,RB,"Ware, Spencer",KCC,9,0,0,0,0,25,77,0,1,8,60,0,0,$0
575,,RB,"Juszczyk, Kyle",BAL,9,0,0,0,0,0,0,0,1,23,189,0,0,$
576,,WR,"Coleman, Brandon",NOS,11,0,0,0,0,0,0,0,0,0,0,0,0,$
577,,QB,"Daniel, Chase",KCC,9,6,62,0,1,12,0,0,0,0,0,0,-1,$1
578,,QB,"Nassib, Ryan",NYG,11,10,116,0,2,8,0,0,0,0,0,0,-2,$1
579,,QB,"Yates, T.J.",ATL,10,23,251,0,4,1,0,0,0,0,0,0,-2,$0
580,316,QB,"Savage, Tom",HOU,9,6,74,0,1,3,0,0,1,0,0,0,-3,$1
581,,QB,"Barkley, Matt",PHI,8,6,69,0,2,2,0,0,0,0,0,0,-4,$0
582,,QB,"Moore, Matt",MIA,5,7,122,0,3,6,0,0,0,0,0,0,-5,$0
583,517,QB,"Schaub, Matt",BAL,9,1,4,0,2,3,15,0,0,0,0,0,-5,$0
